{
  "schema": 1,
  "kind": "mir-runtime-performance-campaign-raw",
  "status": "failed",
  "generated_at": "2026-07-24T09:37:00.8104143Z",
  "candidate_sha256": "89158F34FF5C46C133A832E15AB6872925F87A481C49457DEBD61D1B808CBFAA",
  "baseline_sha256": "D77B3A78DA40CD4FDD4C829A01B5030E59FB593F3387124EF5C438F6A9E8DFCD",
  "factorio_sha256": "E38B9FB580C4DEBF4B5BBB4E76FCF328D667E72792CD29CB52CAB4AB3935FDD3",
  "campaign_sha256": "F61C2B9E702E7C25734C40A457E02F91A72960D6EE173762D3C19EA92516F9C9",
  "harness_sha256": "8AC76FA19000C1DB20FCB9BEF10E8B38A1A5130F4F02DAB0E456CBDA8FFA78B7",
  "warmup_runs": 1,
  "measured_runs": 5,
  "lanes": [
    {
      "id": "base.factorio-total",
      "baseline": {
        "runs_seconds": [
          4.316063,
          4.000996,
          4.023555,
          4.124445,
          4.212706
        ],
        "median_seconds": 4.124445,
        "p90_seconds": 4.316063,
        "minimum_seconds": 4.000996,
        "maximum_seconds": 4.316063
      },
      "candidate": {
        "runs_seconds": [
          15.85792,
          16.181262,
          15.600607,
          15.710215,
          15.547874
        ],
        "median_seconds": 15.710215,
        "p90_seconds": 16.181262,
        "minimum_seconds": 15.547874,
        "maximum_seconds": 16.181262
      },
      "absolute_delta_seconds": 11.58577,
      "percentage_delta": 280.904946,
      "status": "failed"
    },
    {
      "id": "space-age.factorio-total",
      "baseline": {
        "runs_seconds": [
          11.955763,
          11.073609,
          11.386587,
          11.159606,
          11.557538
        ],
        "median_seconds": 11.386587,
        "p90_seconds": 11.955763,
        "minimum_seconds": 11.073609,
        "maximum_seconds": 11.955763
      },
      "candidate": {
        "runs_seconds": [
          21.348654,
          22.30339,
          22.659103,
          21.63127,
          21.850125
        ],
        "median_seconds": 21.850125,
        "p90_seconds": 22.659103,
        "minimum_seconds": 21.348654,
        "maximum_seconds": 22.659103
      },
      "absolute_delta_seconds": 10.463538,
      "percentage_delta": 91.893541,
      "status": "failed"
    },
    {
      "id": "medium-ecosystem.factorio-total",
      "baseline": {
        "runs_seconds": [
          28.59685,
          28.495057,
          30.796828,
          29.36253,
          28.676384
        ],
        "median_seconds": 28.676384,
        "p90_seconds": 30.796828,
        "minimum_seconds": 28.495057,
        "maximum_seconds": 30.796828
      },
      "candidate": {
        "runs_seconds": [
          25.675167,
          24.599071,
          24.289736,
          24.195237,
          25.081618
        ],
        "median_seconds": 24.599071,
        "p90_seconds": 25.675167,
        "minimum_seconds": 24.195237,
        "maximum_seconds": 25.675167
      },
      "absolute_delta_seconds": -4.077313,
      "percentage_delta": -14.218365,
      "status": "passed"
    },
    {
      "id": "large-ecosystem.factorio-total",
      "baseline": {
        "runs_seconds": [
          33.689945,
          35.046,
          37.864506,
          39.135295,
          34.781556
        ],
        "median_seconds": 35.046,
        "p90_seconds": 39.135295,
        "minimum_seconds": 33.689945,
        "maximum_seconds": 39.135295
      },
      "candidate": {
        "runs_seconds": [
          36.700812,
          32.841799,
          35.142975,
          37.033486,
          33.307983
        ],
        "median_seconds": 35.142975,
        "p90_seconds": 37.033486,
        "minimum_seconds": 32.841799,
        "maximum_seconds": 37.033486
      },
      "absolute_delta_seconds": 0.096975,
      "percentage_delta": 0.276708,
      "status": "passed"
    },
    {
      "id": "diagnostics-off.factorio-total",
      "baseline": {
        "runs_seconds": [
          4.125326,
          4.179015,
          4.20536,
          4.10483,
          4.335767
        ],
        "median_seconds": 4.179015,
        "p90_seconds": 4.335767,
        "minimum_seconds": 4.10483,
        "maximum_seconds": 4.335767
      },
      "candidate": {
        "runs_seconds": [
          15.924056,
          16.08665,
          17.18376,
          16.223967,
          15.791472
        ],
        "median_seconds": 16.08665,
        "p90_seconds": 17.18376,
        "minimum_seconds": 15.791472,
        "maximum_seconds": 17.18376
      },
      "absolute_delta_seconds": 11.907635,
      "percentage_delta": 284.938795,
      "status": "failed"
    },
    {
      "id": "diagnostics-on.factorio-total",
      "baseline": {
        "runs_seconds": [
          4.987593,
          5.047518,
          5.19581,
          5.17209,
          5.391533
        ],
        "median_seconds": 5.17209,
        "p90_seconds": 5.391533,
        "minimum_seconds": 4.987593,
        "maximum_seconds": 5.391533
      },
      "candidate": {
        "runs_seconds": [
          17.613954,
          19.972595,
          16.660679,
          18.290639,
          18.485745
        ],
        "median_seconds": 18.290639,
        "p90_seconds": 19.972595,
        "minimum_seconds": 16.660679,
        "maximum_seconds": 19.972595
      },
      "absolute_delta_seconds": 13.118549,
      "percentage_delta": 253.641159,
      "status": "failed"
    },
    {
      "id": "compiler.snapshot",
      "baseline": {
        "runs_seconds": [
          0.021,
          0.026,
          0.035,
          0.026,
          0.027
        ],
        "median_seconds": 0.026,
        "p90_seconds": 0.035,
        "minimum_seconds": 0.021,
        "maximum_seconds": 0.035
      },
      "candidate": {
        "runs_seconds": [
          0.115,
          0.1,
          0.143,
          0.129,
          0.13
        ],
        "median_seconds": 0.129,
        "p90_seconds": 0.143,
        "minimum_seconds": 0.1,
        "maximum_seconds": 0.143
      },
      "absolute_delta_seconds": 0.103,
      "percentage_delta": 396.153846,
      "status": "failed"
    },
    {
      "id": "compiler.graph",
      "baseline": {
        "runs_seconds": [
          0.002,
          0.002,
          0.002,
          0.002,
          0.001
        ],
        "median_seconds": 0.002,
        "p90_seconds": 0.002,
        "minimum_seconds": 0.001,
        "maximum_seconds": 0.002
      },
      "candidate": {
        "runs_seconds": [
          0.052,
          0.045,
          0.058,
          0.047,
          0.047
        ],
        "median_seconds": 0.047,
        "p90_seconds": 0.058,
        "minimum_seconds": 0.045,
        "maximum_seconds": 0.058
      },
      "absolute_delta_seconds": 0.045,
      "percentage_delta": 2250.0,
      "status": "failed"
    },
    {
      "id": "compiler.planning",
      "baseline": {
        "runs_seconds": [
          0.917,
          1.067,
          0.956,
          0.951,
          1.043
        ],
        "median_seconds": 0.956,
        "p90_seconds": 1.067,
        "minimum_seconds": 0.917,
        "maximum_seconds": 1.067
      },
      "candidate": {
        "runs_seconds": [
          9.436,
          9.891,
          10.407,
          9.858,
          9.447
        ],
        "median_seconds": 9.858,
        "p90_seconds": 10.407,
        "minimum_seconds": 9.436,
        "maximum_seconds": 10.407
      },
      "absolute_delta_seconds": 8.902,
      "percentage_delta": 931.171548,
      "status": "failed"
    },
    {
      "id": "compiler.postconditions",
      "baseline": {
        "runs_seconds": [
          0.014,
          0.014,
          0.015,
          0.015,
          0.016
        ],
        "median_seconds": 0.015,
        "p90_seconds": 0.016,
        "minimum_seconds": 0.014,
        "maximum_seconds": 0.016
      },
      "candidate": {
        "runs_seconds": [
          0.662,
          0.601,
          0.717,
          0.61,
          0.602
        ],
        "median_seconds": 0.61,